{"id":"868981074779312149","bot":false,"system":false,"flags":0,"username":"𝑯𝑨𝑴𝒁𝑨_","discriminator":"0040","avatar":"5277631e86441873022f9e1f58eaa2a0","banner":null,"displayAvatar":"https://cdn.discordapp.com/avatars/868981074779312149/5277631e86441873022f9e1f58eaa2a0.webp","$__":{"activePaths":{"paths":{},"states":{"default":{},"modify":{}}},"op":null,"saving":null,"$versionError":null,"saveOptions":null,"validating":null,"validationError":null,"cachedRequired":{},"backup":{"activePaths":{"modify":{"coins":true,"daily.timestamp":true,"updated_at":true},"default":{}},"validationError":null},"inserting":false,"savedState":{},"getters":{"daily":{"streak":0,"timestamp":"2022-10-18T12:05:36.776Z"}},"nestedPath":"daily","modifiedPaths":["coins","daily","daily.timestamp","updated_at"]},"_doc":{"_id":"868981074779312149","username":"𝑯𝑨𝑴𝒁𝑨_","discriminator":"0040","coins":43,"lang":"en","bank":0,"reputation":{"received":0,"given":0},"daily":{"streak":0,"timestamp":"2022-10-18T12:05:36.776Z"},"created_at":"2022-10-18T12:04:19.790Z","updated_at":"2022-10-18T12:05:36.776Z","__v":0},"$isNew":false,"avatar_decoration":null,"public_flags":0,"banner_color":null,"accent_color":null,"locale":"en-US","mfa_enabled":false,"premium_type":0,"email":"hamzaababneh01@gmail.com","verified":true,"guilds":[{"id":"583678878489378827","name":"GIFLAND","icon":"a_99309223b898d16cd89468bc76e85a40","owner":false,"permissions":37084737,"features":["BANNER","MEMBER_VERIFICATION_GATE_ENABLED","DISCOVERABLE","INVITE_SPLASH","ROLE_ICONS","PRIVATE_THREADS","MEMBER_PROFILES","ANIMATED_BANNER","WELCOME_SCREEN_ENABLED","NEWS","COMMUNITY","ANIMATED_ICON","THREE_DAY_THREAD_ARCHIVE","PREVIEW_ENABLED","VANITY_URL","ENABLED_DISCOVERABLE_BEFORE","SEVEN_DAY_THREAD_ARCHIVE"],"permissions_new":"693674303041","settingsUrl":"https://discordapp.com/oauth2/authorize?client_id=800706043452981248&scope=bot&permissions=2146958847&guild_id=583678878489378827","statsUrl":"https://discordapp.com/oauth2/authorize?client_id=800706043452981248&scope=bot&permissions=2146958847&guild_id=583678878489378827","iconURL":"https://cdn.discordapp.com/icons/583678878489378827/a_99309223b898d16cd89468bc76e85a40.png?size=128","displayed":true},{"id":"675456044016730148","name":"Saiko-Gamers","icon":"5f0f7271bcce5cca5c73cd060234c2a8","owner":false,"permissions":53993153,"features":[],"permissions_new":"1071648333505","settingsUrl":"https://discordapp.com/oauth2/authorize?client_id=800706043452981248&scope=bot&permissions=2146958847&guild_id=675456044016730148","statsUrl":"https://discordapp.com/oauth2/authorize?client_id=800706043452981248&scope=bot&permissions=2146958847&guild_id=675456044016730148","iconURL":"https://cdn.discordapp.com/icons/675456044016730148/5f0f7271bcce5cca5c73cd060234c2a8.png?size=128","displayed":true},{"id":"752049271502667878","name":"𝐁𝐋𝐀𝐂𝐊 𝐃𝐀𝐘","icon":"a_b92720b889cbdd68d9f28873ea7645e5","owner":false,"permissions":37080641,"features":["BANNER","DISCOVERABLE","THREADS_ENABLED","INVITE_SPLASH","ROLE_ICONS","PRIVATE_THREADS","MEMBER_PROFILES","ANIMATED_BANNER","WELCOME_SCREEN_ENABLED","NEWS","COMMUNITY","ANIMATED_ICON","THREE_DAY_THREAD_ARCHIVE","NEW_THREAD_PERMISSIONS","PREVIEW_ENABLED","VANITY_URL","ENABLED_DISCOVERABLE_BEFORE","AUTO_MODERATION","SEVEN_DAY_THREAD_ARCHIVE"],"permissions_new":"693674298945","settingsUrl":"https://discordapp.com/oauth2/authorize?client_id=800706043452981248&scope=bot&permissions=2146958847&guild_id=752049271502667878","statsUrl":"https://discordapp.com/oauth2/authorize?client_id=800706043452981248&scope=bot&permissions=2146958847&guild_id=752049271502667878","iconURL":"https://cdn.discordapp.com/icons/752049271502667878/a_b92720b889cbdd68d9f28873ea7645e5.png?size=128","displayed":true},{"id":"795662637849116692","name":"NGU TEAM","icon":"b72ea8083e8bd3d508c19f32ee5779fa","owner":false,"permissions":104189505,"features":[],"permissions_new":"1071698529857","settingsUrl":"https://discordapp.com/oauth2/authorize?client_id=800706043452981248&scope=bot&permissions=2146958847&guild_id=795662637849116692","statsUrl":"https://discordapp.com/oauth2/authorize?client_id=800706043452981248&scope=bot&permissions=2146958847&guild_id=795662637849116692","iconURL":"https://cdn.discordapp.com/icons/795662637849116692/b72ea8083e8bd3d508c19f32ee5779fa.png?size=128","displayed":true},{"id":"827294479479472149","name":"Development Gate","icon":"59d9adfac711475c29a4c3581747fb0d","owner":false,"permissions":104320577,"features":["NEWS","COMMUNITY"],"permissions_new":"1071698660929","settingsUrl":"/manage/827294479479472149/","statsUrl":"/stats/827294479479472149/","iconURL":"https://cdn.discordapp.com/icons/827294479479472149/59d9adfac711475c29a4c3581747fb0d.png?size=128","displayed":true},{"id":"828724949082439681","name":"hamzaababneh0173's server","icon":null,"owner":false,"permissions":104320577,"features":["EXPOSED_TO_ACTIVITIES_WTP_EXPERIMENT"],"permissions_new":"1071698660929","settingsUrl":"https://discordapp.com/oauth2/authorize?client_id=800706043452981248&scope=bot&permissions=2146958847&guild_id=828724949082439681","statsUrl":"https://discordapp.com/oauth2/authorize?client_id=800706043452981248&scope=bot&permissions=2146958847&guild_id=828724949082439681","iconURL":"https://discordemoji.com/assets/emoji/discordcry.png","displayed":true},{"id":"831785798247514134","name":"𝐃𝐑𝐄𝐀𝐌 𝐂𝐎𝐌𝐌𝐔𝐍𝐈𝐓𝐘","icon":"a_077dcc00333a9e63a1ff38b726c09336","owner":false,"permissions":104320577,"features":["NEWS","COMMUNITY","THREADS_ENABLED","NEW_THREAD_PERMISSIONS"],"permissions_new":"1071698660929","settingsUrl":"https://discordapp.com/oauth2/authorize?client_id=800706043452981248&scope=bot&permissions=2146958847&guild_id=831785798247514134","statsUrl":"https://discordapp.com/oauth2/authorize?client_id=800706043452981248&scope=bot&permissions=2146958847&guild_id=831785798247514134","iconURL":"https://cdn.discordapp.com/icons/831785798247514134/a_077dcc00333a9e63a1ff38b726c09336.png?size=128","displayed":true},{"id":"841135260460253214","name":"𝐑𝐄𝐃 𝐙𝐎𝐍𝐄","icon":"f8a57e4e42479cef7545a925a47b3105","owner":false,"permissions":1178062657,"features":["NEWS","COMMUNITY","THREADS_ENABLED"],"permissions_new":"1072772403009","settingsUrl":"https://discordapp.com/oauth2/authorize?client_id=800706043452981248&scope=bot&permissions=2146958847&guild_id=841135260460253214","statsUrl":"https://discordapp.com/oauth2/authorize?client_id=800706043452981248&scope=bot&permissions=2146958847&guild_id=841135260460253214","iconURL":"https://cdn.discordapp.com/icons/841135260460253214/f8a57e4e42479cef7545a925a47b3105.png?size=128","displayed":true},{"id":"852009601222049834","name":"Aburob Server","icon":"a_06d875be10abe1cc88f464a66611e154","owner":false,"permissions":37031489,"features":["BANNER","DISCOVERABLE","THREADS_ENABLED","INVITE_SPLASH","ROLE_ICONS","PRIVATE_THREADS","MEMBER_PROFILES","VERIFIED","ANIMATED_BANNER","NEWS","COMMUNITY","ANIMATED_ICON","TEXT_IN_VOICE_ENABLED","THREE_DAY_THREAD_ARCHIVE","NEW_THREAD_PERMISSIONS","PREVIEW_ENABLED","VANITY_URL","ENABLED_DISCOVERABLE_BEFORE","AUTO_MODERATION","SEVEN_DAY_THREAD_ARCHIVE"],"permissions_new":"968552156737","settingsUrl":"https://discordapp.com/oauth2/authorize?client_id=800706043452981248&scope=bot&permissions=2146958847&guild_id=852009601222049834","statsUrl":"https://discordapp.com/oauth2/authorize?client_id=800706043452981248&scope=bot&permissions=2146958847&guild_id=852009601222049834","iconURL":"https://cdn.discordapp.com/icons/852009601222049834/a_06d875be10abe1cc88f464a66611e154.png?size=128","displayed":true},{"id":"852353496342200321","name":"𝙾𝚄𝚃𝙻𝙰𝚆 𝙵𝙰𝙼𝙸𝙻𝚈","icon":"a_3dbd3f5038411b76b703fe92339bf7c9","owner":false,"permissions":104189505,"features":["BANNER","SEVEN_DAY_THREAD_ARCHIVE","VANITY_URL","INVITE_SPLASH","ROLE_ICONS","PRIVATE_THREADS","MEMBER_PROFILES","ANIMATED_BANNER","THREE_DAY_THREAD_ARCHIVE","ANIMATED_ICON"],"permissions_new":"1071698529857","settingsUrl":"https://discordapp.com/oauth2/authorize?client_id=800706043452981248&scope=bot&permissions=2146958847&guild_id=852353496342200321","statsUrl":"https://discordapp.com/oauth2/authorize?client_id=800706043452981248&scope=bot&permissions=2146958847&guild_id=852353496342200321","iconURL":"https://cdn.discordapp.com/icons/852353496342200321/a_3dbd3f5038411b76b703fe92339bf7c9.png?size=128","displayed":true},{"id":"882942363062923264","name":"TOT","icon":null,"owner":true,"permissions":2147483647,"features":[],"permissions_new":"4398046511103","admin":true,"settingsUrl":"https://discordapp.com/oauth2/authorize?client_id=800706043452981248&scope=bot&permissions=2146958847&guild_id=882942363062923264","statsUrl":"https://discordapp.com/oauth2/authorize?client_id=800706043452981248&scope=bot&permissions=2146958847&guild_id=882942363062923264","iconURL":"https://discordemoji.com/assets/emoji/discordcry.png","displayed":true},{"id":"909908647398764564","name":"jordan","icon":"0aa4243dd1b7cd08ea6376ffd60fee4e","owner":true,"permissions":2147483647,"features":["NEWS","COMMUNITY","WELCOME_SCREEN_ENABLED"],"permissions_new":"4398046511103","admin":true,"settingsUrl":"https://discordapp.com/oauth2/authorize?client_id=800706043452981248&scope=bot&permissions=2146958847&guild_id=909908647398764564","statsUrl":"https://discordapp.com/oauth2/authorize?client_id=800706043452981248&scope=bot&permissions=2146958847&guild_id=909908647398764564","iconURL":"https://cdn.discordapp.com/icons/909908647398764564/0aa4243dd1b7cd08ea6376ffd60fee4e.png?size=128","displayed":true},{"id":"930573781251022888","name":"👑 ＳＨＡＭＩ👑","icon":"3c1e898afaf499f1f9ed9376f218dd14","owner":false,"permissions":104320577,"features":["NEWS","TEXT_IN_VOICE_ENABLED","COMMUNITY"],"permissions_new":"927817256513","settingsUrl":"https://discordapp.com/oauth2/authorize?client_id=800706043452981248&scope=bot&permissions=2146958847&guild_id=930573781251022888","statsUrl":"https://discordapp.com/oauth2/authorize?client_id=800706043452981248&scope=bot&permissions=2146958847&guild_id=930573781251022888","iconURL":"https://cdn.discordapp.com/icons/930573781251022888/3c1e898afaf499f1f9ed9376f218dd14.png?size=128","displayed":true},{"id":"966125196731891733","name":"↝ 𝐀𝐫𝐚𝐛 𝐏𝐢𝐞𝐜𝐞 🍁","icon":"a_e8b64ea79715d08de7aa65a049fd148f","owner":false,"permissions":37084737,"features":["BANNER","SEVEN_DAY_THREAD_ARCHIVE","THREE_DAY_THREAD_ARCHIVE","VANITY_URL","INVITE_SPLASH","ROLE_ICONS","PRIVATE_THREADS","MEMBER_PROFILES","ANIMATED_BANNER","WELCOME_SCREEN_ENABLED","NEWS","COMMUNITY","ANIMATED_ICON"],"permissions_new":"6479535681","settingsUrl":"https://discordapp.com/oauth2/authorize?client_id=800706043452981248&scope=bot&permissions=2146958847&guild_id=966125196731891733","statsUrl":"https://discordapp.com/oauth2/authorize?client_id=800706043452981248&scope=bot&permissions=2146958847&guild_id=966125196731891733","iconURL":"https://cdn.discordapp.com/icons/966125196731891733/a_e8b64ea79715d08de7aa65a049fd148f.png?size=128","displayed":true},{"id":"967419433918279772","name":"SaiKo","icon":"a_4e86bfd81081c3e1d35b354b9e84ff5b","owner":false,"permissions":121622081,"features":[],"permissions_new":"1071715962433","settingsUrl":"https://discordapp.com/oauth2/authorize?client_id=800706043452981248&scope=bot&permissions=2146958847&guild_id=967419433918279772","statsUrl":"https://discordapp.com/oauth2/authorize?client_id=800706043452981248&scope=bot&permissions=2146958847&guild_id=967419433918279772","iconURL":"https://cdn.discordapp.com/icons/967419433918279772/a_4e86bfd81081c3e1d35b354b9e84ff5b.png?size=128","displayed":true},{"id":"986769802888609792","name":"Ionia Store","icon":"852f95ddec646fa4df68b18c206a94c7","owner":false,"permissions":104320577,"features":["BANNER","TEXT_IN_VOICE_ENABLED","SEVEN_DAY_THREAD_ARCHIVE","INVITE_SPLASH","ROLE_ICONS","PRIVATE_THREADS","MEMBER_PROFILES","THREE_DAY_THREAD_ARCHIVE","NEWS","COMMUNITY","ANIMATED_ICON"],"permissions_new":"1071698660929","settingsUrl":"https://discordapp.com/oauth2/authorize?client_id=800706043452981248&scope=bot&permissions=2146958847&guild_id=986769802888609792","statsUrl":"https://discordapp.com/oauth2/authorize?client_id=800706043452981248&scope=bot&permissions=2146958847&guild_id=986769802888609792","iconURL":"https://cdn.discordapp.com/icons/986769802888609792/852f95ddec646fa4df68b18c206a94c7.png?size=128","displayed":true},{"id":"998550596372144169","name":"l8ab","icon":"06e2d5806aa5455672c6057bd5083366","owner":false,"permissions":37080576,"features":[],"permissions_new":"691526815232","settingsUrl":"https://discordapp.com/oauth2/authorize?client_id=800706043452981248&scope=bot&permissions=2146958847&guild_id=998550596372144169","statsUrl":"https://discordapp.com/oauth2/authorize?client_id=800706043452981248&scope=bot&permissions=2146958847&guild_id=998550596372144169","iconURL":"https://cdn.discordapp.com/icons/998550596372144169/06e2d5806aa5455672c6057bd5083366.png?size=128","displayed":true},{"id":"1007175570108469288","name":"𝑀𝐼𝐷𝐷𝐿𝐸 𝐸𝐴𝑆𝑇 𝑍𝑂𝑁𝐸","icon":"fd9016bd6d3b8659513490b77f9073ac","owner":true,"permissions":2147483647,"features":["NEWS","COMMUNITY","AUTO_MODERATION","WELCOME_SCREEN_ENABLED"],"permissions_new":"4398046511103","admin":true,"settingsUrl":"https://discordapp.com/oauth2/authorize?client_id=800706043452981248&scope=bot&permissions=2146958847&guild_id=1007175570108469288","statsUrl":"https://discordapp.com/oauth2/authorize?client_id=800706043452981248&scope=bot&permissions=2146958847&guild_id=1007175570108469288","iconURL":"https://cdn.discordapp.com/icons/1007175570108469288/fd9016bd6d3b8659513490b77f9073ac.png?size=128","displayed":true},{"id":"1010963282070339785","name":"Vintage Zeno's and Dabeast's swaggy server","icon":"ee6b8857f13500fa730583279796e91d","owner":false,"permissions":104320577,"features":[],"permissions_new":"1071698660929","settingsUrl":"https://discordapp.com/oauth2/authorize?client_id=800706043452981248&scope=bot&permissions=2146958847&guild_id=1010963282070339785","statsUrl":"https://discordapp.com/oauth2/authorize?client_id=800706043452981248&scope=bot&permissions=2146958847&guild_id=1010963282070339785","iconURL":"https://cdn.discordapp.com/icons/1010963282070339785/ee6b8857f13500fa730583279796e91d.png?size=128","displayed":true},{"id":"1012607620479193148","name":"Mustafa","icon":"eb59cbd36b6788d9d5c93ee803406d0f","owner":false,"permissions":104320577,"features":[],"permissions_new":"1071698660929","settingsUrl":"https://discordapp.com/oauth2/authorize?client_id=800706043452981248&scope=bot&permissions=2146958847&guild_id=1012607620479193148","statsUrl":"https://discordapp.com/oauth2/authorize?client_id=800706043452981248&scope=bot&permissions=2146958847&guild_id=1012607620479193148","iconURL":"https://cdn.discordapp.com/icons/1012607620479193148/eb59cbd36b6788d9d5c93ee803406d0f.png?size=128","displayed":true},{"id":"1015029467120418927","name":"L2 store","icon":"a_19830789623fa7fef17c5ae53f307ed3","owner":false,"permissions":104320577,"features":["NEWS","EXPOSED_TO_ACTIVITIES_WTP_EXPERIMENT","COMMUNITY","WELCOME_SCREEN_ENABLED"],"permissions_new":"1071698660929","settingsUrl":"https://discordapp.com/oauth2/authorize?client_id=800706043452981248&scope=bot&permissions=2146958847&guild_id=1015029467120418927","statsUrl":"https://discordapp.com/oauth2/authorize?client_id=800706043452981248&scope=bot&permissions=2146958847&guild_id=1015029467120418927","iconURL":"https://cdn.discordapp.com/icons/1015029467120418927/a_19830789623fa7fef17c5ae53f307ed3.png?size=128","displayed":true},{"id":"1016312633743392778","name":"LOGGGGGG","icon":null,"owner":true,"permissions":2147483647,"features":[],"permissions_new":"4398046511103","admin":true,"settingsUrl":"/manage/1016312633743392778/","statsUrl":"/stats/1016312633743392778/","iconURL":"https://discordemoji.com/assets/emoji/discordcry.png","displayed":true},{"id":"1018495885161807893","name":"FRONK COMMUNITY","icon":"18a66b7bb64de7931926b1e2281bdfd1","owner":false,"permissions":104320833,"features":[],"permissions_new":"1071698661185","settingsUrl":"https://discordapp.com/oauth2/authorize?client_id=800706043452981248&scope=bot&permissions=2146958847&guild_id=1018495885161807893","statsUrl":"https://discordapp.com/oauth2/authorize?client_id=800706043452981248&scope=bot&permissions=2146958847&guild_id=1018495885161807893","iconURL":"https://cdn.discordapp.com/icons/1018495885161807893/18a66b7bb64de7931926b1e2281bdfd1.png?size=128","displayed":true}],"displayedGuilds":[{"id":"882942363062923264","name":"TOT","icon":null,"owner":true,"permissions":2147483647,"features":[],"permissions_new":"4398046511103","admin":true,"settingsUrl":"https://discordapp.com/oauth2/authorize?client_id=800706043452981248&scope=bot&permissions=2146958847&guild_id=882942363062923264","statsUrl":"https://discordapp.com/oauth2/authorize?client_id=800706043452981248&scope=bot&permissions=2146958847&guild_id=882942363062923264","iconURL":"https://discordemoji.com/assets/emoji/discordcry.png","displayed":true},{"id":"909908647398764564","name":"jordan","icon":"0aa4243dd1b7cd08ea6376ffd60fee4e","owner":true,"permissions":2147483647,"features":["NEWS","COMMUNITY","WELCOME_SCREEN_ENABLED"],"permissions_new":"4398046511103","admin":true,"settingsUrl":"https://discordapp.com/oauth2/authorize?client_id=800706043452981248&scope=bot&permissions=2146958847&guild_id=909908647398764564","statsUrl":"https://discordapp.com/oauth2/authorize?client_id=800706043452981248&scope=bot&permissions=2146958847&guild_id=909908647398764564","iconURL":"https://cdn.discordapp.com/icons/909908647398764564/0aa4243dd1b7cd08ea6376ffd60fee4e.png?size=128","displayed":true},{"id":"1007175570108469288","name":"𝑀𝐼𝐷𝐷𝐿𝐸 𝐸𝐴𝑆𝑇 𝑍𝑂𝑁𝐸","icon":"fd9016bd6d3b8659513490b77f9073ac","owner":true,"permissions":2147483647,"features":["NEWS","COMMUNITY","AUTO_MODERATION","WELCOME_SCREEN_ENABLED"],"permissions_new":"4398046511103","admin":true,"settingsUrl":"https://discordapp.com/oauth2/authorize?client_id=800706043452981248&scope=bot&permissions=2146958847&guild_id=1007175570108469288","statsUrl":"https://discordapp.com/oauth2/authorize?client_id=800706043452981248&scope=bot&permissions=2146958847&guild_id=1007175570108469288","iconURL":"https://cdn.discordapp.com/icons/1007175570108469288/fd9016bd6d3b8659513490b77f9073ac.png?size=128","displayed":true},{"id":"1016312633743392778","name":"LOGGGGGG","icon":null,"owner":true,"permissions":2147483647,"features":[],"permissions_new":"4398046511103","admin":true,"settingsUrl":"/manage/1016312633743392778/","statsUrl":"/stats/1016312633743392778/","iconURL":"https://discordemoji.com/assets/emoji/discordcry.png","displayed":true}]}